{
  "分析时间": "2025-07-19 01:38:37",
  "音频文件": "recording_20250719_013835.wav",
  "综合得分": 0.65,
  "语速分析": {
    "语速等级": "快",
    "语速得分": 0.8,
    "音节率": 1.436,
    "语音活动比例": 0.138,
    "总时长": 197.51
  },
  "情感语调": {
    "情感类型": "兴奋/激动",
    "情感得分": 0.8,
    "平均音调": 622.4000244140625,
    "音调变化": 780.0999755859375,
    "音调范围": 3853.5,
    "能量变化": 0.0
  },
  "流利度": {
    "流利度等级": "不流利",
    "流利度得分": 0.3,
    "停顿次数": 111,
    "停顿比例": 0.387,
    "语音连续性": 0.613,
    "节奏稳定性": 0.9810000061988831
  }
}