{
  "分析时间": "2025-07-19 01:22:54",
  "音频文件": "现在，请开始你的回答_20250719_002359.mp3",
  "综合得分": 0.71,
  "语速分析": {
    "语速等级": "快",
    "语速得分": 0.8,
    "音节率": 0.816,
    "语音活动比例": 0.256,
    "总时长": 2.45
  },
  "情感语调": {
    "情感类型": "兴奋/激动",
    "情感得分": 0.8,
    "平均音调": 882.2000122070312,
    "音调变化": 1150.800048828125,
    "音调范围": 3821.5,
    "能量变化": 0.004999999888241291
  },
  "流利度": {
    "流利度等级": "一般",
    "流利度得分": 0.5,
    "停顿次数": 2,
    "停顿比例": 0.408,
    "语音连续性": 0.592,
    "节奏稳定性": 0.9750000238418579
  }
}